Complexity,Loss,Equation
1,186597.95,"490.2411"
3,1.070491e-9,"x0 * x1"
5,1.0703226e-9,"(x0 * x1) + 0.0"
7,1.0697461e-9,"((x1 * x0) + 0.14519432) - 0.14519435"
11,1.069746e-9,"(x1 / -397.22876) + ((x1 * x0) - (x1 / -397.22876))"
